<table name="Bobdozer">
    <AddFiles directory="Bobdozer/Bobdozer/Assets">
        <unit path="units/payday2/characters/civ_male_casual_1/civ_male_casual_1" force = "true"/>
        <unit path="units/payday2/characters/civ_male_casual_1/civ_male_casual_1_husk" force = "true"/>
        <object path="units/payday2/characters/civ_male_casual_1/civ_male_casual_1" force = "true"/>
    </AddFiles>
	<Hooks directory="Bobdozer/Bobdozer/Hooks">
		<hook file="charactertweakdata.lua" source_file="lib/tweak_data/charactertweakdata"/>
		<hook file="copbrain.lua" source_file="lib/units/enemies/cop/copbrain"/>
		<hook file="copmovement.lua" source_file="lib/units/enemies/cop/copmovement"/>
		<hook file="copinventory.lua" source_file="lib/units/enemies/cop/copinventory"/>
		<hook file="elementspawncivilian.lua" source_file="lib/managers/mission/elementspawncivilian"/>
	</Hooks>
</table>
